old,new,display
立花めい,京花萌,
桜井千春,雫月心桜,
宮村ななこ,みやむ,みやむ(宮村ななこ)
初愛ねんね,ねんね,初愛ねんね(ねんね)
莉々はるか,稲場るか,
あべ藍,さとう愛理,
井上まさみ,羽田希,
初咲里奈,初芽里奈,
満月ひかり,初芽里奈,
天月叶菜,なごみ,天月叶菜(なごみ)
幾野まち,幾田まち,
柚木和奏,紺野まこ,
ちなみん,桜ちなみ,ちなみん(桜ちなみ)
橘知花,君色花音,
紺野るり,朝日りん,
愛乃はるか,保志美あすか,
帆志科南,富井美帆,
一ノ瀬恋,あゆな虹恋,
蒼いおり,月見伊織,
小日向みゆう,清原みゆう,
わか菜ほの,若宮穂乃,
藤田こずえ,藤田ゆず,
本多なつめ,渚ひまわり,
芦田希空,,
堀沢ゆい,,
亜矢みつき,,
みひな,永井みひな,
白雪美月,,
羽月乃蒼,,
南日菜乃,,
月乃あや,,
由良かな,,
北岡果林,,
似鳥日菜,,
胡桃さくら,,
宮城りえ,,
五芭,,
黒咲華,,
広瀬なるみ,,
愛瀬ゆう,,
さくらまひる,,
巴ひかり,,
滝川すみれ,,
花宮きょうこ,,
中村心,,
宮澤めぐ,,
美雲そら,,
赤名いと,,
丸最レア,,
二羽紗愛,,
夕木こいろ,,
桃瀬くるみ,,
柏木こなつ,,
月乃クロロ,,
那々未,,
桜ノ宮なな,,
朝霧ましろ,,
八乃つばさ,,
蓮実クレア,,
藤森里穂,,
天音ゆさ,,
愛瀬美希,,
相澤ゆりな,,
真琴,,
赤井美月,神無月れな,
高橋ゆら,星咲優菜,
矢澤美々,ひなたいのり,
倉持りん,望月さくら,
はとり心咲,,
清本玲奈,,
姫野らん,,
皆月ひかる,,
あかね麗,,
木下ひまり,,
翔田千里,,
神納花,,
足立友梨,,
水原わこ,,
春乃るる,,
宗像れな,,
皐月ゆら,,
二宮もも,,
宮西ひかる,,
芦名ほのか,,
小坂ひまり,,
美木ひなの,,
桃瀬ひまり,,
渡来ふう,,
倉木しおり,,
大浦真奈美,,
川崎奈々,,
静河,,
松野蘭,,
篠咲らら,,
碧那美海,,
千川とわ,,
前田美波,,
雅子りな,,
豊岡さつき,,
雪川桜花,,
望月あやか,,
小梅えな,,
逢沢るる,,
舞園にこ,,
涼海みさ,,
NOA,中尾芽衣子,
真木今日子,,
南希海,,
美波あみな,,
速美もな,,
天神ユリ,,
春菜はな,,
阿部乃みく,,
川菜美鈴,,
海空花,,
小杉優,,
月野ゆりあ,,
山本蓮加,藍原あおい,
松本菜奈実,,
本真ゆり,相内つかさ,
久和原せいら,,
那賀崎ゆきね,,
音羽美鈴,,
菊池はる,,
夏川あゆみ,,
河北笑茉,,
生田優梨,,
朝海凪咲,,
小野坂ゆいか,,
湊波流,,
望月つぼみ,,
星仲ここみ,,
綾美なな,,
桜木えりか,,
市井結夏,,
七藤優亜,,
広瀬このみ,,
流川莉央,,
市川りく,,
有加里ののか,,
末広純,,
深月めい,,
千鶴えま,,
加賀美さら,,
咲野瑞希,,
前乃菜々,,
椿りか,,
岡本莉里,,
瀬戸ひなこ,,
上田紗奈,,
滝ゆいな,,
西尾まりな,,
霧嶋りお,,
諸星エミリー,,
葉月七瀬,,
柊木なな,葉山美空,
江上しほ,,
瀬奈まお,,
芦名ユリア,,
望月りさ,,
清巳れの,,
葵百合香,,
辻井ほのか,,
宇流木さらら,,
新村あかり,,
波多野結衣,,
若月もあ,,
春乃藍,,
浜辺栞帆,,
西田栞帆,,
紗々原ゆり,,
紺野ひかる,,
藤井レイラ,,
乙葉らぶ,,
姫咲はな,,
桐香ゆうり,,
真白ふわり,,
通野未帆,,
沙月恵奈,,
涼宮るな,,
竹内夏希,,
美澄玲衣,,
八ッ橋さい子,,
虹村ゆみ,,
佐藤花,最上一花,
有馬美玖,,
一色さら,,
篠宮ねね,,
逢月ひまり,,
立華静音,,
天然美月,,
皆瀬あかり,,
小島みこ,,
瀬戸すみれ,,
海埜ほたる,,
千乃あずみ,,
橘メアリー,,
愛咲えな,,
霧生ゆきな,,
夕季ちとせ,,
今井キキ,,
水野らん,,
佐野あおい,,
樹カンナ,,
三苫うみ,,
新垣智江,,
松永さな,,
朝比奈しの,,
春川せせら,,
泉りおん,,
水沢つぐみ,,
大原えりか,,
夢咲ひなみ,,
上坂めい,,
水戸かな,,
小松杏,,
風間ゆみ,,
加山なつこ,,
音羽文子,,
恋乃ぼたん,,
浅野心愛,,
天神羽衣,,
星乃莉子,,
夏目響,,
宮島めい,,
奈築りお,,
浅倉みのり,,
雪代美鳳,,
森沢かな,,
雪乃える,,
明海こう,桃菜あこ,
八尋麻衣,,
あやね遥菜,,
星空もあ,,
涼川絢音,,
若宮はずき,,
かなで自由,,
音羽美玲,,
田中ねね,,
あおいれな,,
山下紗和,,
逢沢みゆ,,
凰華りん,,
小鈴みかん,,
彩奈リナ,,
川越ゆい,,
中条りの,,
五十嵐美月,,
桐谷すずね,,
西野乙音,,
成澤ひなみ,,
るるちゃ。,,
宝生めい,,
有馬みずき,,
堀北まゆ,,
高橋りほ,,
七海ひな,七瀬ひな,
黒江リィナ,,
真宮あやな,,
しほのちさ,大沢つくし,
美泉咲,,
白桃心奈,,
百合川雅,,
長谷川夏樹,,
藤本紫媛,,
丸山れおな,,
日泉舞香,,
志田カンナ,,
松浦ゆきな,,
咲田ありな,なつめ愛莉,
夕美しおん,,
依本しおり,,
西元めいさ,,
白咲璃音,,
音羽ゆうあ,,
糸井瑠花,,
